Diameter,Material,Sample,Pressure,Load Work,Peak Load Force,Hysteresis,Unload Work,Buckle Angle,Buckle Force,Buckle Slope,Unbuckle Slope,Buckle Intercept,Buckled R2,Unbuckle R2
16,60,1,-50,0.030218533577222786,0.05390594076000001,14.809036408007698,0.026051973627745605,22.887999999999995,0.02415621012,0.0007611672337266374,0.001102468783143881,0.007708462428704356,0.997624663245756,0.999999717397827
16,60,1,-50,0.02864235153388552,0.05321945076,9.657304415896082,0.026003684507993258,13.588000000000001,0.01665150144,0.0008089191774370767,0.0012720275304487453,0.006239576555530153,0.9973811025421749,0.9999998777162208
16,60,1,-50,0.02931844982371988,0.0538482756,14.764152605098285,0.02528740402681493,22.044000000000004,0.022904052360000003,0.0007786083425299901,0.0010798720681824497,0.006545185633159915,0.9977714875126535,0.9999998834764358
16,60,1,0,0.0777350501265836,0.07744430987999999,29.957797170796212,0.05748115229485039,8.929999999999996,0.03707869788,0.0005908455970797438,0.004869131534206334,0.03627841623781733,0.9748974267469496,0.9999989898641175
16,60,1,0,0.07791920539859251,0.08151656856,31.628409763952554,0.05663977288563138,9.238000000000003,0.03559038756,0.00061165932132959,0.004417438265826529,0.03419309000975046,0.9761921078180452,0.9999985212488516
16,60,1,0,0.07585081799110913,0.08098659828,33.34083333436444,0.0541749763068295,11.113999999999999,0.034873692,0.0006164452891114579,0.0035905718816836886,0.03224124351493422,0.9762960421688589,0.9999941934902911
16,60,1,50,0.11337183658695645,0.12807706632,16.829883252991753,0.09577246563946128,21.310000000000002,0.09836852508,0.00015625041459175186,0.0049207942714563436,0.10063384799997141,0.6818740260533094,0.9999978277976891
16,60,1,50,0.11082086987247211,0.12334852319999999,13.115088699063069,0.09718105162255776,22.2,0.10051037387999999,0.0001621219132052097,0.004843689314420229,0.1020356465286314,0.707269241786869,0.9999947992923064
16,60,1,50,0.11764870263893534,0.12678646512,19.931414714302548,0.09632473592920102,21.322000000000003,0.09659463491999999,0.0002146764244691268,0.004870838083921648,0.09794283059589329,0.737137086626044,0.9999978129599507
16,60,1,75,0.13309218778438844,0.15315317303999998,17.348364081260996,0.11184581917411561,28.597999999999995,0.13215756288,3.5916791981332396e-05,0.004840524043109825,0.1364052357542397,0.21382903037999304,0.9999956187856784
16,60,1,75,0.13636990841449784,0.15384240899999999,18.4774745507144,0.11330326030906826,27.140000000000004,0.12507298608,0.0001463817793520781,0.00497595367010429,0.12989426532566825,0.49669303104957135,0.9999985084909615
16,60,1,75,0.13413969603881512,0.15240352596,16.34593343305064,0.11386995019809987,29.92,0.13050449496,8.074502050896071e-05,0.004678379868727717,0.1338627873539209,0.38191809352486167,0.9999957012505903
16,60,1,100,0.1515371377910123,0.1804507614,19.754666527542113,0.12429252295845801,34.05199999999999,0.15087677219999998,0.00017452620423023772,0.004662494948477357,0.15126742303537302,0.5437085602491487,0.9999966898314891
16,60,1,100,0.14951277894714396,0.17872355256,16.979684550920616,0.12611261751628655,32.751999999999995,0.15181314456000003,0.00021710789663541212,0.004872550872144064,0.15107150284588014,0.5958388096677485,0.9999986531802108
16,60,1,100,0.15083431631053404,0.17896519704000002,20.279049278168124,0.12306248287178065,34.312000000000005,0.15147539148,0.00023956607774031086,0.004608769996825391,0.14940055250032283,0.6395792208001111,0.9999987233616282
16,60,1,125,0.16095697229155262,0.20628749904,19.510582436866382,0.13234455423115266,37.684,0.17241333647999996,0.0005373874128005866,0.004800079923072245,0.1598185354001515,0.7394357595151909,0.9999984442668157
16,60,1,125,0.15653308775040245,0.20414565024,14.854314693279258,0.1348887307480815,38.083999999999996,0.17343483360000003,0.0005962732419142166,0.004765518288762332,0.1580340309094008,0.7903308021103671,0.9999951642732954
16,60,1,125,0.15896331551413106,0.20511222816000002,16.984672355763667,0.13407731963911707,37.586,0.17547508188000002,0.0005961807622583617,0.004845016413051478,0.15919767044390565,0.8087431987873499,0.9999996418522046
16,60,1,150,0.16654254331203294,0.22962266711999996,19.183468477061925,0.1373901291093126,42.18,0.19309865316,0.0009665230721042284,0.004743163458264356,0.15880752669355935,0.8792200905786169,0.9999994013353841
16,60,1,150,0.16462197729813569,0.22745885064000004,19.816246108873546,0.13494091709612033,41.215999999999994,0.19207715604,0.0010916950930593145,0.004849954253037772,0.15383268392925534,0.8994996998733641,0.9999981502012677
16,60,1,150,0.16656213980721596,0.234436335,20.860147855395443,0.13509869203514935,43.43,0.20036446332,0.001165659363845647,0.004739806746678959,0.1544163323376782,0.9308387222882473,0.9999983032176131
16,70,1,-50,0.04928299485121023,0.06277813752,27.712095176102963,0.03728771596342056,11.106,0.02314569684,0.000697043376624425,0.002375170122986015,0.018321957031949093,0.9955397780032494,0.9999932639922995
16,70,1,-50,0.04453206439723804,0.06312412848,17.65106331821247,0.037309142750242434,14.667999999999996,0.02668249332,0.0006717363470033556,0.0019557454651095737,0.018596147221220685,0.9967031822159166,0.9999982473545518
16,70,1,-50,0.041776283254697934,0.06092186855999999,16.034513027669416,0.035574844894621954,15.657999999999998,0.026226663959999997,0.0007054495869366512,0.00175848969740383,0.016270198315984755,0.9974646238261153,0.9999997312668913
16,70,1,0,0.06265595859109001,0.08483643419999999,5.011214720866695,0.05959288262747321,7.640000000000001,0.0455554764,0.00030104089594320865,0.006287050341654681,0.0444309262115969,0.9394783803201844,0.9999995354230004
16,70,1,0,0.059142099466420045,0.07326495876,7.02675615731471,0.05512738060306309,7.322000000000003,0.04053311555999999,0.00034811106753243143,0.006125703012752828,0.039969554327042675,0.9514928357381053,0.9999996250581705
16,70,1,0,-703033.753714943,0.06596894304,-200.00003048606789,0.05358183275851034,6.7299999999999995,0.03755924088,0.0003537793071777129,0.00638527344250151,0.03775909410957078,0.9515666180609107,0.9999994795007268
16,70,1,50,0.12870335940591038,0.16265419464,6.1484869474796415,0.12102606875855648,17.992,0.12773107536000003,-0.0006041553643888954,0.007602108361910808,0.14690220887368274,0.9846577940678022,0.9999980902214782
16,70,1,50,0.13314473670038468,0.16416447264,7.7017741179184185,0.12327047644034562,19.704,0.1372430808,-0.0006666262224011934,0.007156033738363288,0.15373962915885228,0.996621912983807,0.9999998896226697
16,70,1,50,0.12808023853714245,0.15683001348000003,3.5298049222640944,0.12363766309610728,19.630000000000003,0.13588383060000003,-0.0006271713949989431,0.007150064816865369,0.1520208765409353,0.9959480674404182,0.9999864680480878
16,70,1,75,0.16441146832306572,0.19592973792,11.513623611364048,0.14651217908256142,21.662,0.15810139295999998,-0.0007760807971402452,0.008090457370243396,0.1887039171897783,0.9530764882624807,0.9999631073517414
16,70,1,75,0.16398514688316904,0.19357095827999996,11.78645616354303,0.14573276398557608,22.406000000000002,0.16387614684,-0.0008210359329760875,0.007845001929201297,0.19120744211300192,0.9800576937193622,0.9999600506923783
16,70,1,75,0.15524190250128617,0.18498983328000002,4.692571763048814,0.148124069530163,22.580000000000002,0.16486469244000002,-0.0008003893179749052,0.007803282852841293,0.19261140091691567,0.9726301596337854,0.9999217706489002
16,70,1,100,0.17681017635616453,0.21219131304,8.70181496063189,0.16206598797334418,28.216,0.1911462756,-0.0010387145442074868,0.007067774285674415,0.2273250614242036,0.9867080126210558,0.9999985266056276
16,70,1,100,0.17414408325308237,0.20783072856,9.222391139915135,0.15879176038064316,25.815999999999995,0.18439670592,-0.0009895304427193366,0.00764575971180619,0.22130095128251084,0.9605980608805553,0.9999923807866464
16,70,1,100,0.1848769812032059,0.21622787423999998,15.145908206848793,0.15884692736485054,26.569999999999997,0.1827710976,-0.0009178314095629371,0.0075923195026308095,0.22082962674229856,0.9413699072776048,0.9999877980620803
16,70,1,125,0.1954160756487076,0.23409858192000002,9.718459230608598,0.17730471653263502,29.798000000000002,0.20979683591999995,-0.001002145267364732,0.007554278144046646,0.25294999554621755,0.9339821812083683,0.9999957860921788
16,70,1,125,0.1984533018833092,0.23767656780000002,10.278889822881135,0.17905164319314107,31.387999999999998,0.21476427756,-0.0010644337863071041,0.0072271098896049,0.2585878812432706,0.9602669964490157,0.9999914103119079
16,70,1,125,0.195472075112858,0.23305237115999997,9.266765152695356,0.17816025961593315,30.798000000000002,0.21206225291999997,-0.0009607142582106848,0.007278373515824571,0.2531472617064593,0.9435370772893074,0.999998633223259
16,70,1,150,0.22563816213028293,0.27297313764000003,15.645844579084352,0.19289651925103915,35.05800000000001,0.24185317296,-0.0008473435337527236,0.007278704995677098,0.2831367464632435,0.8467341390161459,0.9999905881110682
16,70,1,150,0.21579666644001286,0.26737961712,11.622105837546004,0.19209392813836546,34.507999999999996,0.23953558271999997,-0.0007463362228976124,0.007375650202246611,0.2760703415919276,0.8024111056327524,0.9999923411340106
16,70,1,150,0.22685926882291127,0.27567516228,15.825950811323978,0.19358927866660294,34.422,0.24077126472,-0.0007868899681278882,0.007457323574025143,0.2794160818052998,0.8296600541841752,0.9999977965034273
16,82,1,-50,0.09051583784740584,0.10385769912,119.03752873273025,0.022970294278742077,22.49000000000001,0.038786685,0.0025232905442407663,0.0018948569472228296,-0.02033392201613271,0.998028082085637,0.9999955766042206
16,82,1,-50,0.04681609874554148,0.07603288644,112.2663556017902,0.013153344527101743,13.921999999999997,0.020180060040000003,0.0021717276502959725,0.0014909018943247334,-0.010564700125984719,0.9969492615023616,0.9999983761319725
16,82,1,-50,0.048431329734994574,0.07997333904,81.62326235565585,0.020357490236605224,8.965999999999987,0.01592107608,0.0017451981900906276,0.002111433531177126,-0.0015882710943471781,0.996681181559998,0.9999999321632894
16,82,1,0,0.21964210715816312,0.2875569312,56.279135846902136,0.12317488640213121,9.166,0.13375296563999997,-9.666282864324448e-05,0.015018064763091253,0.13553172827986246,0.7017092847153127,0.9999999793134964
16,82,1,0,0.2192801267827954,0.27876162132,56.53603034888772,0.12262915821639246,9.584000000000001,0.12741803592,0.0001638034439250192,0.01401579174887887,0.12927121407150352,0.9064178254581242,0.999999966551375
16,82,1,0,0.2116195375142626,0.26971642908,54.36412732315979,0.12116250961050065,8.463999999999997,0.12782718395999998,4.777229066557744e-05,0.015695887360242973,0.13062200444235725,0.46070480015094445,0.9999999684226418
16,82,1,50,0.27926449472289677,0.35320459691999995,50.87644280747684,0.16599770940872827,12.729999999999999,0.1963635996,-0.0006250733872008758,0.016317231620103456,0.20858739596452133,0.9528580444442247,0.9999984961328479
16,82,1,50,0.2685565792627339,0.33472703207999993,46.68996634759463,0.16689944392116562,13.084000000000003,0.19748120532000002,-0.0005229376592714421,0.015835256079672677,0.20583019891334456,0.9469742483676533,0.9999970105223144
16,82,1,50,0.2718002872464018,0.333977385,48.63033501700065,0.16547585965307748,14.426000000000004,0.19469954784000001,-0.0004574860713418498,0.014026781014948045,0.20458621035795677,0.957307666138979,0.9999999576815572
16,82,1,75,0.3111042499199174,0.3793681038,46.39827636913029,0.1939386497371416,15.809999999999995,0.2318551326,-0.0008337011144102114,0.015416150108414283,0.2542639875233613,0.9658114393975354,0.9999994200446689
16,82,1,75,0.3003772271155601,0.36499300320000005,43.406053237024885,0.19324603840455842,15.451999999999998,0.22780209563999998,-0.0007425153843058167,0.01567315000910396,0.24862596360293038,0.9502217316525357,0.9999916074170331
16,82,1,75,0.29996152324890674,0.35791117236000003,36.86538496460389,0.20659037042476222,18.538000000000004,0.244184493,-0.0008224634012026829,0.013743277425454042,0.2688309548315342,0.9580108571914431,0.9999932704742417
16,82,1,100,0.3278817542796216,0.39339172151999996,42.67565740404155,0.2125626525258234,18.003999999999998,0.2576534268,-0.0009965435793577724,0.014954887575211016,0.28592572033457797,0.951391010675088,0.999998706189849
16,82,1,100,0.33473232743504844,0.40000673916,40.6421591372459,0.22166615009712815,19.288000000000004,0.26751142320000004,-0.0009761234104786579,0.014688402739081943,0.2968834670555869,0.9632777278663627,0.9999994771974885
16,82,1,100,0.32549913876717834,0.39043157664,40.27031774583421,0.21638908416596309,18.07,0.26057787419999995,-0.0009239205722851098,0.015468117701103299,0.2905155935659651,0.9450716608598486,0.9999928351699361
16,82,1,125,0.36100926926346033,0.42618672179999995,42.50435469290864,0.23445924464527904,20.182000000000002,0.28448145599999997,-0.0008351046162403517,0.01492191286006287,0.31621870458594803,0.9085767624276643,0.9999989116137505
16,82,1,125,0.3476261150410166,0.40913980211999995,41.46500255847659,0.22823558144948086,20.084000000000003,0.28401189684,-0.0009990860779058692,0.015155157082967458,0.31831305005186666,0.9515033802499393,0.9999934406630365
16,82,1,125,0.3530914431236383,0.41778133824,45.79213041793445,0.22152653593575092,19.631999999999998,0.27260792496,-0.0009490750724809762,0.015006618281412216,0.3061935925859835,0.9329809891037276,0.9999957173225119
16,82,1,150,0.38338110615429954,0.4521085842,45.436678252587285,0.24143358557608466,20.076,0.30071831748,-0.0010223729835510224,0.016042403060915134,0.34114141037906864,0.9157250549909308,0.9999987437086182
16,82,1,150,0.38186053308356704,0.44152840032,38.25359175785847,0.2592387767168224,27.522000000000002,0.32369651076000006,-0.0010736439599346244,0.01236064976717759,0.3664167378724736,0.9546251209435088,0.9998171843589315
16,82,1,150,0.3785121457533276,0.44301121871999993,44.191301007491546,0.2415134558002924,21.46,0.30205834596,-0.0009197565764871737,0.015025121707464392,0.3393787272291678,0.9082791812591728,0.9999981972915576
20,60,2,-50,0.029740631122232176,0.05322768864000001,38.22811930213508,0.02019575961006981,12.091999999999995,0.016585598400000002,0.0007191793701724921,0.001456040209139903,0.008495764193689307,0.9973413526111231,0.9999997785402248
20,60,2,-50,0.025907491051844783,0.05093481204,34.79844519065296,0.01822822037641152,10.370000000000005,0.01192845024,0.0007176766994162854,0.0010117321167055539,0.00502750740602196,0.9984900647869094,0.9999999608775298
20,60,2,-50,0.0193425587511113,0.04022282208,148.50609069428953,0.002857981517871996,9.622000000000007,0.01085477988,0.0012191447175584152,0.0011738144726510917,-0.0010454250190371842,0.9984445626339761,0.9999999965096051
20,60,2,0,0.09808252373795417,0.10028520516,38.13780662453439,0.06666666099372232,7.4,0.04412483124,0.000514233200127854,0.007140364991495995,0.046444894145418955,0.9785190969885997,0.9999937791502517
20,60,2,0,0.09419284269275709,0.09664955412000001,38.25125415934751,0.06394750880316227,6.363999999999999,0.0393496068,0.0005574100575763411,0.007694031335627953,0.04236447043641037,0.9752005139154625,0.9999991253917441
20,60,2,0,0.09328444036192485,0.09536444484,45.91442810212433,0.058450357928454946,5.588000000000001,0.033912606,0.0005730565740349638,0.007872215902674926,0.03761886266190132,0.9759727633114691,0.9999969928154655
20,60,2,50,0.19610763557228042,0.20871767364000005,31.086821135575484,0.14334510276839155,18.246000000000002,0.13578223008,0.0004419589210994479,0.008485824081705095,0.14415098138924878,0.7754116947820501,0.9999920089932107
20,60,2,50,0.1898095951979499,0.2019928176,27.0106870675205,0.1446409060535515,21.026000000000003,0.1511239086,0.00027969606313617995,0.007579525093745262,0.15183540616148233,0.8537033910469816,0.9999854535226651
20,60,2,50,0.18727213162917603,0.20044684212,24.694435152946458,0.1461088557578991,17.934,0.14136476676,0.0004328036362775271,0.00872627894531111,0.14730344608122975,0.7843346896934078,0.9999862825971668
20,60,2,75,0.2252772132114383,0.24854507748000002,28.638690180838093,0.16884193264836156,23.255999999999993,0.18428412155999996,0.0007726958244306686,0.008318547496614167,0.1745992539065266,0.9590832887829034,0.9999867497795866
20,60,2,75,0.2192532897560337,0.24750435864,23.707578625619394,0.1727822257201048,23.530000000000005,0.18199673687999998,0.0008407844670087081,0.008266732865406405,0.1734116273346218,0.9448755763932563,0.9999906451569208
20,60,2,75,0.2134477279022906,0.24321516912,20.177427142287787,0.1743263153730027,22.516000000000002,0.17420370240000002,0.0010578898084119043,0.008587952988609199,0.16683895689668282,0.927570853704797,0.9999779718053783
20,60,2,100,0.24988742595648636,0.3059274036,27.374304471890476,0.18971796663505708,29.045999999999992,0.22697281571999997,0.0015087422913764542,0.0082161162437006,0.19406294267828395,0.9639798039962364,0.9999918605960836
20,60,2,100,0.23903159832069745,0.30437593620000003,21.60936874117054,0.1924151400162097,27.187999999999995,0.2178644664,0.0017465232985968476,0.008601616494541555,0.1853383120757829,0.9591542166011991,0.9999964376289326
20,60,2,100,0.2369643012249928,0.3041287998,23.300950559661363,0.18751092045424653,29.550000000000004,0.22539938063999998,0.0017078772040563623,0.0080866912694591,0.185643016347513,0.9535233843130078,0.9999800906845001
20,60,2,125,0.25474585591717874,0.37217918052000004,29.984375586604266,0.18832051373061526,39.26,0.28847408184,0.0027324292084785883,0.007540790095364864,0.18781660891829688,0.9770470234765858,0.9999971767139681
20,60,2,125,0.25200343719670604,0.37660017612,25.981218046480176,0.19405741578068356,36.44800000000001,0.27585639564,0.003529310024892008,0.00783659985273015,0.1560772996234708,0.9789819927412715,0.9999918516476692
20,60,2,125,0.2526144021384283,0.38317949628,24.83817844129283,0.19680109106596638,38.647999999999996,0.28694458211999996,0.0035579357533955993,0.007678378705810023,0.15790291807770374,0.9724012459790554,0.9999986293059666
20,60,2,150,0.2588518922029456,0.40678102248000003,31.5162521185615,0.18837699965106605,42.038,0.31886636712,0.004874169631037261,0.007636618897799453,0.11575719810347451,0.9985326319797576,0.999995224618741
20,60,2,150,0.2458831998365448,0.40313438760000003,21.010405438643463,0.1991333130258896,39.022,0.30004281132,0.005041308278290684,0.007829497242129382,0.10769581314567303,0.9951242953138179,0.9999988731746475
20,60,2,150,0.2446607314057035,0.40388678064,29.012158902038998,0.18267156846638888,41.414,0.31219917624,0.004920776141978189,0.007432217449811344,0.11141478770105032,0.9978807534494414,0.9999985339924625
20,70,1,-50,0.04106420282625757,0.060320503319999996,30.810221811565334,0.030101107798126473,12.383999999999997,0.020199281760000003,0.0006478049938241451,0.0017452205182566646,0.013474683159482685,0.9930294678137062,0.9999972758525139
20,70,1,-50,0.03769384823369183,0.05830222271999999,24.703577252208365,0.029405836950908638,9.278,0.01600345488,0.0006960136577477906,0.0018941915657623156,0.010923617206934893,0.9950484510922722,0.9999998990596419
20,70,1,-50,0.03247328689268029,0.05314530984,18.6946826893993,0.026921457402589864,10.453999999999997,0.015624512399999999,0.0006917805092227647,0.0016069564845801617,0.009404902611135614,0.9922327495017114,0.9999997393894657
20,70,1,0,0.1409866924721989,0.15915309564,47.15986357855709,0.08718416088706879,6.543999999999999,0.07763378112,9.442916257843983e-05,0.013429335442750994,0.08290152239563281,0.6941682606198482,0.9999993825218263
20,70,1,0,0.13694904264630986,0.157480806,38.89180046995639,0.0923581874501587,7.086,0.08283737531999999,0.00012963284543927685,0.012940317300617708,0.08591986511466071,0.7648191128852673,0.9999998746142552
20,70,1,0,0.13816202490874438,0.15960617904,42.20543431121111,0.09001126162655149,6.286000000000001,0.07388279976,0.00014017958742441395,0.01399818644614358,0.08404031727029634,0.710234601773173,0.9999930149651137
20,70,1,50,0.2283916259685989,0.25231528056,22.155697769816403,0.18283640601326595,16.810000000000002,0.19388674368000003,-0.000620699502606026,0.01251641379146856,0.21768065323328353,0.92662175471236,0.9999911057845976
20,70,1,50,0.226798361419288,0.24492041027999997,21.491698030382256,0.18278513707947347,16.926000000000002,0.1946061852,-0.0006289879365420271,0.012647567635297344,0.217915689107123,0.9368769028992164,0.999993981913103
20,70,1,50,0.2262753801230214,0.24751808844,19.253692075346542,0.18653478144134916,17.403999999999996,0.20065553508,-0.0006551106988913381,0.012232376356436729,0.22189772822682247,0.9519080075893281,0.9999625981034552
20,70,1,75,0.2822947841546277,0.31634282987999995,20.882658770083097,0.22891743273283477,21.41,0.24853683960000006,-0.0006131647137026289,0.01258065984186016,0.2799345214492162,0.8304101410162,0.9999946824338437
20,70,1,75,0.27463173534443613,0.3094971516,15.540233349509267,0.235030393301601,20.977999999999998,0.25134321072,-0.0005784257189524818,0.013012707628448257,0.2822855698295929,0.8276300662622076,0.999968178973803
20,70,1,75,0.2778120843106576,0.3088243914,18.665445665588308,0.23038359052957125,20.455999999999996,0.24041978184,-0.0004961687585010151,0.013111850815373012,0.275571825767092,0.6796989010740291,0.9999891217377516
20,70,1,100,0.3150517593515809,0.35948460744,20.41060818665961,0.2567024986554064,24.978,0.28795784135999997,-0.0005933702507060149,0.012364501135569686,0.321186268667678,0.7840736291381704,0.9999847845122564
20,70,1,100,0.30296371053180216,0.34898131044,16.498850357459997,0.25678745679602527,24.494000000000003,0.28435239588,-0.0004790594216698451,0.012649461154290673,0.3162757558175574,0.6839087941310316,0.9999828003527249
20,70,1,100,0.3023102661152966,0.34698774348,15.220652876744165,0.25955080451053825,25.306000000000004,0.29027543159999997,-0.0005066803159673657,0.01223279340204556,0.3210015563783742,0.733691815988542,0.9999854324229424
20,70,1,125,0.3605173476242074,0.42883108127999997,14.659542966943413,0.31127640100913506,33.489999999999995,0.36849959412,-0.0003032185856600297,0.011686464376811612,0.3966870293426885,0.4434327001637397,0.9999891891305426
20,70,1,125,0.3551025948720797,0.42009892848,16.611955455867093,0.30063700938892135,32.844,0.35633224535999997,-0.00030653195985549264,0.011590091061879276,0.38374736593894576,0.4746744247516723,0.9999625797103887
20,70,1,125,0.3477909560474663,0.41701246944000003,16.77277616839154,0.29397036139268745,32.842,0.3588557826,-0.0003761852959462068,0.011394231262577659,0.3854177094187021,0.6060790970849796,0.9999564572358667
20,70,1,150,0.36656003539111737,0.45411038903999995,19.380239349857117,0.3017955767231441,35.084,0.37927474116000004,0.00013088918545062816,0.011320427321616831,0.38945375526021614,0.2029956876242693,0.999943292159332
20,70,1,150,0.3717210357782036,0.45290765856,16.949797696834043,0.3136375858465966,37.400000000000006,0.39524249856000004,-4.481305198280772e-05,0.011009989030439826,0.4106174588209563,0.07457381979118602,0.9997985579817105
20,70,1,150,0.36833751302533063,0.45321795204,19.908422897642193,0.3016459431277349,31.754,0.36435594048,0.00038050272242140027,0.012269510863996283,0.37506758646209254,0.3870934459611041,0.999992224028262
20,82,1,-50,0.07786874968043085,0.09697632336,39.37025109433961,0.052253935698282385,25.399999999999995,0.04908678096,0.0010840977731775335,0.001998561357465392,0.023056639038839116,0.9970381840700202,0.999999851837619
20,82,1,-50,0.08697675106405717,0.1020398736,43.941139290211936,0.05564249113040131,13.993999999999998,0.035000006160000006,0.0011212519885779836,0.002726185740908353,0.021824285162954836,0.9968777763075566,0.9999985329950215
20,82,1,-50,0.07947227599832266,0.10024126979999999,37.52679603043169,0.054360668034047904,15.57,0.035263618319999995,0.001120367030295553,0.002442647774410235,0.020073067786865226,0.9979647600881585,0.9999993118713628
20,82,1,0,0.20145605349819132,0.33238747416000003,42.20206058875649,0.13125136114309158,5.6419999999999995,0.11673075959999997,-0.00036657756388774236,0.024741154133614943,0.1320339520910738,0.9035391853627336,0.9999948593164472
20,82,1,0,0.10306909029788909,0.22564377108,0.0811281401430754,0.10298550616699345,5.752,0.09313747128000001,-0.00033159816061191266,0.019695663578383385,0.10584998368523012,0.9086388910835193,0.999994805778043
20,82,1,0,0.10632507942252527,0.22892244731999997,30.422457356361992,0.14447482666165276,4.898,0.13029305604,-0.00029378862041420066,0.03057017489830052,0.1409348960290795,0.8940766112345507,0.9999859697169549
20,82,1,50,0.4216079057989526,0.52604081124,43.92034150724238,0.26977831183871726,7.832000000000002,0.26751691512000003,-0.0012219954897421882,0.036871115720613176,0.29463517245344223,0.9902601008137166,0.9999995164184139
20,82,1,50,0.27389176400510845,0.378805182,4.7423767586003835,0.2612036438752797,11.987999999999998,0.26021540748000005,-0.0011729873478346887,0.024304680220918893,0.28831740641835446,0.9905738970269327,0.9999793344050543
20,82,1,50,0.27141172891172594,0.3667339418400001,7.826719471138996,0.25096908834294285,10.113999999999999,0.24680139288,-0.001104553284088903,0.027578481520422,0.27855834688232556,0.9818976946633852,0.9999784026570815
20,82,1,75,0.34807314672702255,0.45017268239999997,10.255059661500566,0.31411904458081424,11.536000000000003,0.31478312459999996,-0.0013215015111243688,0.029993352154878132,0.34712451776610836,0.9883516789010434,0.9999080834422945
20,82,1,75,0.36904106965286226,0.4603492101600001,13.711099948433503,0.3216878063707199,10.964000000000002,0.31397581235999994,-0.0012560214224728774,0.03152578573599076,0.3503554058043247,0.9795287373760195,0.9993726036520921
20,82,1,75,0.3512482313799283,0.4326342358800001,14.34986071100165,0.30421891978094995,10.514,0.30254163492,-0.0012764170449873482,0.03213090859405491,0.33734366408678884,0.9828916339220511,0.9998973017187517
20,82,1,100,0.3842831288690115,0.488849529,7.677126018176904,0.3558718149843182,15.416000000000002,0.37676218776,-0.0014813591968290561,0.02579627367935855,0.41243181171198084,0.9929863984331002,0.998483162429494
20,82,1,100,0.38701898443284327,0.4720222861200001,8.52648761154831,0.35536916752950715,15.64,0.36727764192,-0.0013597785068822086,0.025350759169777522,0.406373056619759,0.9831343273720013,0.999254535223876
20,82,1,100,0.417759171784647,0.48100157532,15.60970900240475,0.35726932524836486,14.192,0.36335366508,-0.0012611989070609613,0.02734761113596033,0.40317185122834864,0.973231911645232,0.9992198539949213
20,82,1,125,0.46717043091194654,0.54187127064,14.661855747167781,0.4033529870206506,15.102,0.4099443684,-0.0012389846178068199,0.030169501442628345,0.45751537736622055,0.9447493265871533,0.9999494964771931
20,82,1,125,0.49044027771671683,0.5520615281999999,21.285025924337038,0.39609106468764593,15.866,0.41331640728,-0.001208406642627875,0.0277240224221262,0.45358400302134805,0.964569793070938,0.9994092435643994
20,82,1,125,0.5075936731820587,0.56150488464,22.964981643673784,0.40303124996081857,15.074,0.41148485196,-0.0011153050402837369,0.02935420585869114,0.4524797731052906,0.942333204434306,0.9998349979065729
20,82,1,150,0.5572299875650268,0.62664729372,21.262861388073702,0.45013290030380393,16.746000000000002,0.45017268239999997,-0.0009616141279306408,0.02875427011909908,0.49434187273463837,0.8962411537098774,0.9998609584817684
20,82,1,150,0.5552497891485201,0.60522056784,25.588608685884445,0.42928536514495685,17.310000000000002,0.43859022311999996,-0.0009296252359048773,0.027874496008868432,0.4796231835943533,0.9048146286680177,0.9995733176534265
20,82,1,150,0.5258961254932251,0.5789966498400001,18.000053369272425,0.43905065752871203,16.727999999999998,0.43010520671999997,-0.0007819579603989275,0.028495418039881867,0.47797465950901635,0.8054067451057465,0.9953442316172088
25,60,2,-50,41080062.435491584,0.12063826068000001,199.99999935085157,0.06666764989056304,23.180000000000007,0.06243763848000001,0.0010362933150480506,0.0029103672868191115,0.04276467174426281,0.9806371498208579,0.9999983574441146
25,60,2,-50,0.09508792793511836,0.12533385228000002,38.38003448450846,0.06446893787496326,21.436,0.06144360096,0.000948498034125089,0.003014387406635758,0.043816937531688444,0.971474273769005,0.9999933258707303
25,60,2,-50,0.09269109959718787,0.12306843528,37.32595839539714,0.06353470936848755,17.867999999999995,0.05546290008,0.001052436307159862,0.0033764185430845864,0.041067322758107594,0.9777544757561424,0.9999676985836666
25,60,2,0,0.13682510777828735,0.15803274396,2.704421607325547,0.14057615765902798,6.724,0.10904481756,0.00032681431188133313,0.018033540933165993,0.1173743990140952,0.8827332375263001,0.999995387746095
25,60,2,0,0.22475183204740073,0.19933472832000002,40.89334363917739,0.14844541558439062,20.653999999999996,0.13112508192,0.000865461065367791,0.00693256434584866,0.12385790379191802,0.9410174848306725,0.9987871461427619
25,60,2,0,0.09765958761937235,0.09621843840000001,31.277988347103896,0.13386820573169994,6.764000000000001,0.09245921916,0.00045357596830584003,0.017272264042021555,0.10507346655028513,0.900520818424737,0.9999759955808322
25,60,2,50,0.47708212825623364,0.45776251584,47.50669202482254,0.29393884794975417,18.380000000000003,0.34537586496,0.0004681433842693602,0.020376350164961202,0.35820120045960724,0.636353793540184,0.9999358743902744
25,60,2,50,0.45810784347607036,0.4392629833199999,40.88693588222047,0.3025940049629967,19.877999999999997,0.34789391028,0.000592489482822015,0.018786327148609856,0.3574942225619447,0.7324839893277941,0.9999849219881368
25,60,2,50,0.44837331157956484,0.43168138776,36.44389241813143,0.31015473834215407,27.142000000000003,0.37062222120000005,0.0007118947668248767,0.014220042320021118,0.3607894135371774,0.8724265357870734,0.9982236299019932
25,60,2,75,0.5682311966668254,0.5742461390400001,48.2143649932373,0.34747921627773903,24.523999999999997,0.43137384024,0.0020246026898617714,0.01869110988277982,0.40443944063919063,0.9290182009215837,0.9999773536768181
25,60,2,75,0.5444911680587419,0.57511660836,40.784329310043255,0.36003807538323296,22.618,0.4202115128400001,0.0023692185441374185,0.02006296208022671,0.3978763752503298,0.9163292825747316,0.9999467193336289
25,60,2,75,0.5423314892661323,0.5777335082399999,47.44330554082104,0.3343646704150407,26.305999999999997,0.43035783504,0.002425620377808225,0.017479123363708816,0.39069407245485666,0.9341982458536083,0.999986587033527
25,60,2,100,-21804.34891463658,0.7134992625599998,-200.00690270882978,0.3762661863108086,30.108000000000008,0.54331839156,0.0040531527784546965,0.018858826617080934,0.4421849759873592,0.9654154742211098,0.999961659399602
25,60,2,100,0.595292211302092,0.70729613892,44.195671399198545,0.37981469029230824,33.996,0.56471491188,0.0036645655145967596,0.0172341335820814,0.45649991100118953,0.970401416324168,0.9999970938717615
25,60,2,100,0.6048196627952578,0.70953958824,42.269518546032415,0.39377011676108215,22.652,0.19997728296,0.010891879729553584,0.00493874945464341,0.032426390747327394,0.9565678464127315,0.9721175539740261
25,70,2,-50,0.056724593516869794,0.07654638096000001,2.529565548063624,0.05530762926180023,24.810000000000002,0.045863023919999996,0.000820717086633268,0.0019196772440279119,0.027170767582323417,0.994705102985905,0.999999447668039
25,70,2,-50,0.0581061759983305,0.07952849352000001,17.667175622847527,0.048673683357241274,18.317999999999998,0.036474586680000004,0.000851770806296199,0.0020294212537843937,0.021347545912553334,0.991917828357631,0.9999986579699686
25,70,2,-50,0.05664010479505848,0.07813354584000001,20.462315015400858,0.04612594806273133,17.203999999999997,0.034596350039999994,0.000836752571046073,0.002114558054984019,0.021874766593972722,0.9921940461005946,0.9999949480415345
25,70,2,0,0.08221520916631404,0.07625256324,39.8322239068736,0.12310751222431482,12.292000000000002,0.09086381639999999,0.0005556874692304181,0.008509162706432767,0.09687955379632737,0.908073934813542,0.9996355104454061
25,70,2,0,0.08737384307395431,0.08059118004000002,14.998791665231112,0.10154134047630012,15.629999999999997,0.07571435507999999,0.0004733899273194062,0.00562494748518106,0.07892753760902498,0.8993778075205056,0.9993634914361422
25,70,2,0,0.08400765684898015,0.07841637971999998,40.257017929693504,0.12634939486051275,7.754,0.08366116331999998,0.0006648549431400912,0.013323517281983404,0.09639148140042758,0.8980732564761749,0.9995024827467979
25,70,2,50,0.2745967855287617,0.28446223428000006,19.57744332618748,0.3341891458782687,12.030000000000001,0.28422608172,0.0007077865970252623,0.027151233447872743,0.3059967685728806,0.8452225722472833,0.9999155546248727
25,70,2,50,0.3330789939966929,0.32441595228,1.93557217140315,0.3266938046541066,11.975999999999999,0.28197714048,0.0007491327735429332,0.02646526018594626,0.2991904969283639,0.8737056841468817,0.9970922387541764
25,70,2,50,0.29294942743057717,0.29390559072,12.13136985381546,0.3307830758673434,16.472,0.29348545884000005,0.0008037774197347572,0.019580371401305557,0.3018142176708789,0.9021448859502077,0.9999181340603203
25,70,2,75,0.3682620249721211,0.38498908392,8.063743342612161,0.3992053235851246,18.146,0.37587798864000005,0.001298486388089252,0.02238932504298401,0.37652071904570206,0.9219134501088995,0.9997735824615002
25,70,2,75,0.458603470588566,0.46886992404000005,24.508387647236855,0.3584768628360463,19.548,0.36218388612,0.0013819347721503216,0.020658989070194103,0.36343323256636373,0.8961607448422149,0.9999081304047752
25,70,2,75,0.4742145153309245,0.49294650131999995,40.295742174137814,0.31517028365110683,16.652,0.32225762771999994,0.001950901109527075,0.02164347726527586,0.32278709497468017,0.9150775334920944,0.9999434875552731
25,70,2,100,0.5038568573154021,0.514592904,8.78584893939142,0.46145158647988027,19.826,0.46492123356,0.0016617097831155415,0.02445322997671135,0.44523292416684424,0.9483941226009969,0.9990224029076604
25,70,2,100,0.5186282231989073,0.55697954256,9.138205921752293,0.4733057391550563,17.682000000000002,0.44251694591999996,0.0022984373650050435,0.02726819923139838,0.4360748639658281,0.94607912931418,0.9944826362408916
25,70,2,100,0.5949019393746269,0.6354426036,24.63426334798372,0.46442343781069934,20.16,0.4534129152,0.0023118906744352724,0.024104252908316626,0.4349783484115408,0.950702688324878,0.9999130979250609
25,70,2,125,0.6230986380620088,0.6906144319199999,16.605275379048866,0.527563342763003,22.418,0.53387778108,0.00375380511442628,0.026143384643298434,0.49735650199973147,0.9416555897156897,0.9987773336040556
25,70,2,125,0.6981550706313956,0.8056674099600001,26.46095757422515,0.5350024292039874,26.493999999999993,0.60288100992,0.0033049874627284217,0.023544830050389303,0.5345793344827547,0.9820247490154905,0.9995698764857941
25,70,2,125,0.6641684613573053,0.7848502871999998,25.455531868861137,0.5141897822428149,25.876,0.53228787024,0.0045915350394359344,0.023042806004381404,0.4665783116262033,0.9386811745938345,0.9993770860255415
25,70,2,150,0.7298122748635011,0.86448861912,30.7105159789382,0.5355176070741327,29.416,0.6705057668399999,0.004049018373356848,0.023489417439206295,0.5693983435267621,0.969083749265655,0.9994559944185707
25,70,2,150,0.6999857276426247,0.89125074528,35.23361196966761,0.49029608928222,34.88,0.7022380805999999,0.004753295755218231,0.020895982831326366,0.561092624022383,0.9668847941738142,0.999883929568339
25,70,2,150,0.6764653438720643,0.92508921036,31.618285833863187,0.4917763455725837,21.697999999999997,0.23094072791999992,0.0137631631796662,0.0067873696000279255,0.00611462009659991,0.9822514238815193,0.9589656412722096
25,82,1,-50,0.10483932419464302,0.11989410551999999,39.73593275225181,0.07008534895059833,28.078000000000003,0.07501688124,0.001340437354776843,0.002799855908808025,0.040699866266890455,0.991412460119337,0.9999964568028166
25,82,1,-50,0.08767199064328425,0.10477484976,55.363389564179535,0.049656998908289625,22.152000000000005,0.054784647959999995,0.0012265244424175098,0.002619626750875696,0.03054473639275143,0.989795007227081,0.9999982946310579
25,82,1,-50,0.0826419332270969,0.10294878635999999,52.81274886708975,0.04811402524008296,19.87,0.05223090516,0.0012360659524383694,0.0028370974117535477,0.03149468511197581,0.9874050323926915,0.9999912960893486
25,82,1,0,0.3550740029374544,0.32654407128,57.01142254891435,0.197545798028593,8.097999999999999,0.16150912932,0.0007334205684676382,0.023690100483958292,0.18276506801592862,0.8204541249317382,0.999882058539208
25,82,1,0,0.33181625182743035,0.29380124424,53.59957455630987,0.191554108565273,8.02,0.15357055896000002,0.0008651765259209039,0.023195402058402113,0.1730752530989241,0.864726450470079,0.9998386215578761
25,82,1,0,0.35786104638478206,0.3234878178,51.13984095351019,0.21211788650946564,8.149999999999999,0.17949242136,0.0006930804433097684,0.026179357032067623,0.20120968509290252,0.7956072046410407,0.9998303674827145
25,82,1,50,0.5671495937523608,0.5284023368399999,49.32533040067371,0.34274526986367604,12.504,0.33078932544,0.0009070380377689408,0.029948529521811092,0.352111710283339,0.8022791552205282,0.9999445663845263
25,82,1,50,0.5301745971908572,0.51947796684,41.96306373005102,0.34628082376108255,12.397999999999998,0.33435632748000005,0.0009772627841877271,0.029885499800342264,0.3552168797076155,0.8147335702215031,0.9999832599074321
25,82,1,50,0.5486481344214342,0.52219372128,43.59675851807864,0.35226391015442343,12.918,0.3376295118,0.0011143129575236237,0.028930898495928354,0.3546042235134754,0.8572144208949456,0.9999921031830078
25,82,1,75,0.6592481806695091,0.6606917057999999,44.7770720364844,0.41805562917628747,15.361999999999997,0.40738787963999995,0.0020068392521522082,0.029530389314138625,0.41873764807603286,0.9062305038115214,0.9991136133218278
25,82,1,75,0.662127339742286,0.67263937776,44.78907498061785,0.4198283640320145,15.354,0.40577325515999996,0.002219880027580942,0.029805300753089924,0.4139631955907342,0.9214375174061925,0.9998470332046812
25,82,1,75,0.6474035574029523,0.6575448356399999,46.53755734870504,0.4029898420696621,15.171999999999997,0.4156285056,0.002152159026605015,0.029669306377501505,0.4147798393422427,0.940728049251934,0.9999830470306141
25,82,1,100,0.7332793369058206,0.7634729886,48.50386455903167,0.44703121996542894,18.446000000000005,0.463792644,0.0032959636740352498,0.027629205765226476,0.44280892856227605,0.9583665850787375,0.9972920558038413
25,82,1,100,0.7364765378924751,0.77991854304,46.741252990644874,0.4574487242450215,18.165999999999997,0.48798180563999993,0.0035236791488560096,0.02949923013014467,0.4652976679039348,0.9511068732611397,0.9999259479799535
25,82,1,100,0.7206375024797169,0.7773922598399999,45.707819183081305,0.45252418993310284,17.572000000000006,0.47387855508,0.003430787191052515,0.029653860833820496,0.45248512885380515,0.958905746752981,0.9998965562964466
25,82,1,125,0.8554867704308335,0.91778770272,49.673585476403304,0.515081555887668,22.862000000000005,0.58632836304,0.004729683303227992,0.02754571935837581,0.5143462108618072,0.9718322805845474,0.9998388468407612
25,82,1,125,0.8191725984773978,0.9152751493199999,47.73674017276021,0.5034775629902061,23.296,0.58438696932,0.005124085812520419,0.02680996554145445,0.5012833462641865,0.9750481117709701,0.9994521812910927
25,82,1,125,0.8058038263520803,0.91202118672,46.93694593940572,0.49947485244037765,21.220000000000002,0.5632787748,0.005687114932104204,0.028508644587101603,0.4817170629263521,0.9734981998700594,0.9999792869785974
25,82,1,150,0.8720246723760479,0.97029045792,48.670423630834364,0.5306747876459754,21.454,0.59790258444,0.006526098949272215,0.03036680143534232,0.5067538554682391,0.9679326959797476,0.9992379948457464
25,82,1,150,0.8523633003032018,1.0043897892,46.961542561886866,0.5281970759579814,28.764000000000003,0.6855344059199999,0.00675491475815184,0.02507438648947938,0.5219386635443783,0.9790306468362349,0.9999206569688006
25,82,1,150,0.8462689622811435,1.0159228212,48.04569151576002,0.5184295448523687,28.534,0.7202076428399999,0.0070565356686519715,0.02620927696300907,0.5441072545704233,0.9844130839367091,0.9999970276606451
28,60,4,-50,0.0689404509177356,0.08249962224000001,88.99870884043834,0.026479284615821996,13.670000000000002,0.0358759674,0.001052956709406658,0.002841139087664541,0.02394069989422177,0.9912732426713207,0.9999988751620312
28,60,4,-50,0.062046202001827706,0.07649969963999999,96.56963174751432,0.021638970530808366,11.232,0.030323636280000003,0.0010199316079289775,0.002910474046948595,0.02095897774810555,0.9922805752608006,0.9999998692671329
28,60,4,-50,0.056498690593696846,0.07037895479999999,96.44833584815079,0.01973542343099725,10.135999999999996,0.02619096648,0.0010066605519940984,0.002815106105130813,0.018000396429596697,0.9939442422536156,0.9999996100460684
28,60,4,0,0.27328550248537825,0.2599600332,73.24579743040456,0.12677262108738602,5.513999999999999,0.10312727376000003,0.0008223287729503099,0.02300421632762939,0.11527863618846572,0.8855866470520438,0.9999224924050628
28,60,4,0,0.2578723921505875,0.26182454004,66.00529520275347,0.1298979219012934,5.860000000000001,0.10233643728,0.000942835286515615,0.021769616455769754,0.11537587987925386,0.9036406165592438,0.9999232268051762
28,60,4,0,0.2579620513093054,0.26217876888,68.62684039056411,0.1261574967362244,6.446,0.09698456124000002,0.0009801998819822535,0.018734731858741267,0.11116497434837065,0.902805360537835,0.9999086035464091
28,60,4,50,0.5375935320006233,0.5506006774800001,50.88596198144904,0.31951864399330326,15.665999999999997,0.33923315243999996,0.001954645122465826,0.023699723770003445,0.3332767561904547,0.9486788715163633,0.9999275994922172
28,60,4,50,0.5033031785882844,0.5406712861199999,47.368092687062656,0.31054985010446123,15.084,0.33421902948,0.0021598983689962823,0.024003534682809052,0.32272854454597677,0.9615991683091969,0.9999702453013344
28,60,4,50,0.5009247301313186,0.5368653855600001,47.846307582315376,0.30751939803460154,13.099999999999994,0.30812142564,0.002372822618834066,0.02634562163838044,0.30781803848975386,0.9543107021802198,0.9999592014044472
28,60,4,75,0.657686456199748,0.7338715398,51.74748379643218,0.3873074341567742,20.170000000000005,0.46269426,0.004190757240696965,0.0246490746732827,0.40829621094325286,0.9762714736524862,0.9999474137891456
28,60,4,75,0.6196790830656435,0.71608046496,50.92817531243286,0.3681399727961793,21.03,0.46549513919999996,0.003754993207768733,0.02329987385593305,0.40522058308290465,0.9828308727699587,0.9999924327569434
28,60,4,75,0.6514727366240146,0.75437562312,48.518686769025834,0.39709668098198736,22.298,0.49013189232000004,0.004258553305319537,0.023673166283118555,0.42866048930064193,0.9580839796889211,0.9999579139300181
28,70,2,-50,0.18641595075346473,0.29471564891999996,75.61827065130457,0.08412627464102926,10.596,0.003954182400000006,0.0023552323346419097,-0.002130349145589868,0.0026350789480280995,0.9749103308283489,0.9877246878738349
28,70,2,-50,0.19234643480765537,0.29329873356,137.92750692618458,0.03533131366242782,7.321999999999998,-0.055523311199999995,0.0023509938226837974,-0.012223453161189016,-0.04293585858853169,0.9673841724283321,0.9894077567442123
28,70,2,-50,0.12085855324575613,0.23737451220000003,23.038363941114454,0.09589080074011626,13.082000000000003,0.03341009532000001,0.0020673633272332596,0.0009615164525106023,0.025242856864929303,0.977051418129002,0.9963043284988738
28,70,2,0,0.5165248013376665,0.53247184956,45.863545381577886,0.3238190577505524,16.12,0.26374945800000005,0.002487012359248561,0.01762266762906037,0.23954795893127973,0.9811031058672296,0.9986298288242192
28,70,2,0,0.47408210682789304,0.5077637014799999,40.80174551134629,0.31342399005885874,17.46,0.25303472208,0.002720761974432329,0.015533806777010575,0.22155570065951868,0.9850750947065038,0.9986674185031698
28,70,2,0,0.46771669900195434,0.50516876928,37.38076887607402,0.32041234989522654,16.142,0.25731567371999997,0.002499339520449463,0.017330823797328754,0.2343766673782543,0.9812911751831864,0.9993212582293948
28,70,2,50,0.7707434414131646,0.77509389132,36.64880801121442,0.5320198353435732,16.631999999999998,0.44773152396000004,0.0029963438268045405,0.023125668316857133,0.454706877990827,0.9294111955009617,0.986065088857474
28,70,2,50,0.7198525604977744,0.7695031167599999,33.44981329385482,0.5135646786784427,18.042,0.4384474332,0.003183899694558165,0.02112050562995825,0.4338346766836324,0.9476139536753865,0.9843538846968315
28,70,2,50,0.711761820836436,0.76996169208,32.57363215460849,0.5123869603345551,17.314,0.420612423,0.003423345459395724,0.02017280831847698,0.4233639839542873,0.9441755079808294,0.981797706229852
28,70,2,75,0.9172548609271383,0.9622310653200001,38.18652841818667,0.6231426871939779,19.941999999999997,0.51134168736,0.005412715540017461,0.0210723238479405,0.48729559163029423,0.9600500660433491,0.9716204774578198
28,70,2,75,0.8721302413904485,0.93912106596,34.8671069534591,0.6131867154250812,19.676,0.49261973208,0.0056504710430444645,0.02020575423407297,0.46927836663097644,0.9579437390398328,0.9644099837553007
28,70,2,75,0.8657306395498399,0.93612247764,34.95603420953813,0.608129169945864,20.689999999999998,0.50108003484,0.005283784662801296,0.019592549284857333,0.480799439140319,0.9512830733935036,0.9678965626532787
28,70,2,100,1.0442274569826093,1.13343068748,40.149474239785214,0.6950683883040903,22.839999999999996,0.5694407090400001,0.0081813006345574,0.020004103549361916,0.485529589536604,0.9648878038369435,0.9565326688753195
28,70,2,100,0.9771736097890444,1.09024497456,35.72068037290087,0.6810154099324227,23.613999999999997,0.5814982194,0.007833721870606759,0.020334760418684095,0.4876224787244182,0.9710529437750072,0.9609450142743968
28,70,2,100,0.9761992999362759,1.0921369410000001,36.92501646926277,0.6719158961437837,21.842,0.53096706348,0.008455789376902303,0.01877550347482337,0.4559451010120404,0.9578437300310028,0.9470260672581982
28,70,2,125,1.1150608364406,1.2501367334399998,43.538876254910406,0.7163688779241387,24.857999999999997,0.57529509576,0.011055552517712168,0.017563873666092734,0.42851343519380836,0.9564070552617945,0.9241993373476771
28,70,2,125,1.0715618162401541,1.23456439428,39.69382092760297,0.7166558559439081,25.208,0.5623616241599999,0.012074889133444936,0.016840780152891397,0.38608023306426864,0.9581694497971628,0.923736590911139
28,70,2,125,1.052957573299806,1.2640257991200001,38.29400959173601,0.7145355753593912,24.415999999999997,0.53590979148,0.012650224117816323,0.016145490293555487,0.3583217068889465,0.954690533293856,0.9108409055201333
28,82,1,-50,0.40451422248345886,0.42265541724,76.14704988730466,0.18142609105389845,15.665999999999999,0.10648558284000001,0.002440269737712389,0.004310982177355691,0.10369650637174485,0.960220016253299,0.995087492500948
28,82,1,-50,0.15656959370240708,0.3009022968,6.0964288955989945,0.16641485224801295,16.009999999999998,0.08928488940000001,0.0026514217480933847,0.003059238304400094,0.08304080860420834,0.9649083526050729,0.9936336479047296
28,82,1,-50,0.3027379248582634,0.41337407244,144.56755030686742,0.048703091091902385,10.957999999999998,-0.08164288271999999,0.0032841470084370977,-0.01439860491208272,-0.05424170261713196,0.9412154469460009,0.9647535440931345
28,82,1,0,0.6873707301767912,0.678183471,48.55761737051793,0.41880455014406376,16.728,0.3920132496,0.0005249183649488313,0.025457679430547206,0.41456319416578663,0.4675760729704702,0.9934247093692526
28,82,1,0,0.6258732419650986,0.64825799892,40.58176816770811,0.4147263790815072,17.086,0.38147700107999993,0.0008416889131932859,0.024558370203489988,0.3990976074291724,0.6566281549366023,0.9959173990945356
28,82,1,0,0.6138769948040499,0.64069287912,38.947796626096284,0.413756661537448,17.708000000000002,0.38230353504,0.0008970104612910304,0.023648109115598382,0.39840647644090754,0.6731495400343575,0.9965560934402594
28,82,1,50,1.08938854352196,1.00559251968,39.95140740298132,0.7266267160883484,22.202000000000005,0.7261059649199999,0.0018460530555918515,0.03422953144428739,0.7170832722289922,0.8569190592303824,0.9786639638683087
28,82,1,50,0.9164884081025633,0.87901200156,26.05961600695647,0.705187191088688,22.494,0.71014919136,0.0016315316051489297,0.03304639146087262,0.7032799329863748,0.8600242724997775,0.9739390026531702
28,82,1,50,0.9891784017821359,0.9569505842399999,35.80810662387602,0.6887595045001407,21.495999999999995,0.68623737168,0.0017799381620371565,0.03381001244263772,0.6777694472895954,0.8821248336749429,0.9852101085979098
28,82,1,75,1.1688225686763198,1.12835066148,44.841304970305316,0.7406960377827925,15.213999999999997,0.57585252564,0.003033915602833075,0.026499002814685643,0.6851499422200114,0.7872439360044686,0.8970697318941621
28,82,1,75,1.0313818114435438,1.03138532196,54.50787674231366,0.5896003359778599,10.590000000000002,0.57163198512,0.002548979081283624,0.0595532086340494,0.5856135990575649,0.8955473513447136,0.9998831248077243
28,82,1,75,1.0383395001859177,1.0202202486,36.931496223962405,0.7146389205545896,15.720000000000002,0.6102429286800001,0.002818778944006283,0.03194094930386974,0.6663118967618089,0.8678857964299856,0.9414272576986952
28,82,1,100,1.2004465376396838,1.1595639888,39.785582836883684,0.8020867647170278,23.006000000000004,0.82259076144,0.00346994324878154,0.03481180601847556,0.7604982300179669,0.9497317313021918,0.96484759039138
28,82,1,100,1.1576283789054767,1.16165366436,37.11111578553062,0.7952591946194408,17.63,0.6552601969199999,0.004842343278020379,0.029410114686998633,0.6926961193116684,0.9169587060921885,0.9194905667462376
28,82,1,100,1.1911695936890854,1.1877073328399999,40.52097433114343,0.789812891520894,10.3,0.6449161656,0.005279468789420869,0.0706394991723172,0.6587655737805995,0.9429900938895819,0.9998471987725276
28,82,1,125,1.3350780480260624,1.35798156648,43.266520121928345,0.8601735589059625,18.646,0.78913123884,0.00582960706626274,0.04608497656762845,0.7361868366411219,0.9655398954443849,0.9993334224555717
28,82,1,125,1.2525945223382424,1.2627654034800002,52.16997931241255,0.7343105418627698,20.494,0.7468269790800002,0.005388025787956342,0.037500770700785335,0.6502050424898802,0.9696109972383705,0.9993920891288172
28,82,1,125,1.2102847970343134,1.22298468096,49.91054738069876,0.7268640103597788,12.642,0.7119175896,0.00454087236302884,0.061331185286223354,0.7126046845717003,0.9521076634925648,0.9997662200934371
